-- MySQL Script generated by MySQL Workbench
-- Sun Jan 27 20:42:30 2019
-- Model: New Model    Version: 1.0
-- MySQL Workbench Forward Engineering

SET @OLD_UNIQUE_CHECKS=@@UNIQUE_CHECKS, UNIQUE_CHECKS=0;
SET @OLD_FOREIGN_KEY_CHECKS=@@FOREIGN_KEY_CHECKS, FOREIGN_KEY_CHECKS=0;
SET @OLD_SQL_MODE=@@SQL_MODE, SQL_MODE='ONLY_FULL_GROUP_BY,STRICT_TRANS_TABLES,NO_ZERO_IN_DATE,NO_ZERO_DATE,ERROR_FOR_DIVISION_BY_ZERO,NO_ENGINE_SUBSTITUTION';

-- -----------------------------------------------------
-- Schema webshop
-- -----------------------------------------------------

-- -----------------------------------------------------
-- Schema webshop
-- -----------------------------------------------------
CREATE SCHEMA IF NOT EXISTS `webshop` DEFAULT CHARACTER SET utf8 ;
USE `webshop` ;

-- -----------------------------------------------------
-- Table `webshop`.`categories`
-- -----------------------------------------------------
CREATE TABLE IF NOT EXISTS `webshop`.`categories` (
  `id` INT NOT NULL AUTO_INCREMENT,
  `category_name` VARCHAR(255) NULL,
  PRIMARY KEY (`id`))
ENGINE = InnoDB;


-- -----------------------------------------------------
-- Table `webshop`.`sub_categories`
-- -----------------------------------------------------
CREATE TABLE IF NOT EXISTS `webshop`.`sub_categories` (
  `id` INT NOT NULL AUTO_INCREMENT,
  `category_id` INT NOT NULL,
  `sub_category_name` VARCHAR(255) NULL,
  PRIMARY KEY (`id`),
  INDEX `fk_sub-categories_categories1_idx` (`category_id` ASC) VISIBLE,
  CONSTRAINT `fk_sub-categories_categories1`
    FOREIGN KEY (`category_id`)
    REFERENCES `webshop`.`categories` (`id`)
    ON DELETE NO ACTION
    ON UPDATE NO ACTION)
ENGINE = InnoDB;


-- -----------------------------------------------------
-- Table `webshop`.`products`
-- -----------------------------------------------------
CREATE TABLE IF NOT EXISTS `webshop`.`products` (
  `id` INT NOT NULL AUTO_INCREMENT,
  `category_id` INT NOT NULL,
  `sub_category_id` INT NOT NULL,
  `name` VARCHAR(255) NULL,
  `price` DOUBLE NULL,
  `color` VARCHAR(45) NULL,
  `size` FLOAT NULL,
  `desc` TEXT NULL,
  `created_at` DATETIME NULL,
  `image` TEXT NULL,
  PRIMARY KEY (`id`),
  INDEX `fk_products_categories1_idx` (`category_id` ASC) VISIBLE,
  INDEX `fk_products_sub-categories1_idx` (`sub_category_id` ASC) VISIBLE,
  CONSTRAINT `fk_products_categories1`
    FOREIGN KEY (`category_id`)
    REFERENCES `webshop`.`categories` (`id`)
    ON DELETE NO ACTION
    ON UPDATE NO ACTION,
  CONSTRAINT `fk_products_sub-categories1`
    FOREIGN KEY (`sub_category_id`)
    REFERENCES `webshop`.`sub_categories` (`id`)
    ON DELETE NO ACTION
    ON UPDATE NO ACTION)
ENGINE = InnoDB;


-- -----------------------------------------------------
-- Table `webshop`.`users`
-- -----------------------------------------------------
CREATE TABLE IF NOT EXISTS `webshop`.`users` (
  `id` INT NOT NULL AUTO_INCREMENT,
  `email` VARCHAR(255) NULL,
  `username` VARCHAR(255) NULL,
  `password` VARCHAR(255) NULL,
  `first_name` VARCHAR(255) NULL,
  `last_name` VARCHAR(255) NULL,
  `gender` VARCHAR(45) NULL,
  `date_of_birth` DATETIME NULL,
  `phone_number` VARCHAR(255) NULL,
  `image` TEXT NULL,
  `address_1` VARCHAR(255) NULL,
  `address_2` VARCHAR(255) NULL,
  `city` VARCHAR(255) NULL,
  `country` VARCHAR(45) NULL,
  `postal_code` VARCHAR(45) NULL,
  `registration_date` DATETIME NULL,
  `confirmed` TINYINT NULL,
  `confirmed_on` DATETIME NULL,
  `password_reset` TINYINT NULL,
  `admin` TINYINT NULL,
  PRIMARY KEY (`id`),
  UNIQUE INDEX `email_UNIQUE` (`email` ASC) VISIBLE)
ENGINE = InnoDB;


-- -----------------------------------------------------
-- Table `webshop`.`order_status_codes`
-- -----------------------------------------------------
CREATE TABLE IF NOT EXISTS `webshop`.`order_status_codes` (
  `order_status_code` INT NOT NULL AUTO_INCREMENT,
  `order_status_desc` VARCHAR(45) NULL,
  PRIMARY KEY (`order_status_code`))
ENGINE = InnoDB
COMMENT = 'Cancelled, Completed\n';


-- -----------------------------------------------------
-- Table `webshop`.`orders`
-- -----------------------------------------------------
CREATE TABLE IF NOT EXISTS `webshop`.`orders` (
  `id` INT NOT NULL AUTO_INCREMENT,
  `customer_id` INT NOT NULL,
  `order_status_code` INT NOT NULL,
  `order_status` VARCHAR(255) NULL,
  `order_date` DATETIME NULL,
  PRIMARY KEY (`id`),
  INDEX `fk_orders_order_status_codes_idx` (`order_status_code` ASC) VISIBLE,
  INDEX `fk_orders_customers1_idx` (`customer_id` ASC) VISIBLE,
  CONSTRAINT `fk_orders_order_status_codes`
    FOREIGN KEY (`order_status_code`)
    REFERENCES `webshop`.`order_status_codes` (`order_status_code`)
    ON DELETE NO ACTION
    ON UPDATE NO ACTION,
  CONSTRAINT `fk_orders_customers1`
    FOREIGN KEY (`customer_id`)
    REFERENCES `webshop`.`users` (`id`)
    ON DELETE NO ACTION
    ON UPDATE NO ACTION)
ENGINE = InnoDB;


-- -----------------------------------------------------
-- Table `webshop`.`invoices`
-- -----------------------------------------------------
CREATE TABLE IF NOT EXISTS `webshop`.`invoices` (
  `id` INT NOT NULL AUTO_INCREMENT,
  `order_id` INT NOT NULL,
  `invoice_date` DATETIME NULL,
  `invoice_desc` VARCHAR(45) NULL,
  PRIMARY KEY (`id`),
  INDEX `fk_invoices_orders1_idx` (`order_id` ASC) VISIBLE,
  CONSTRAINT `fk_invoices_orders1`
    FOREIGN KEY (`order_id`)
    REFERENCES `webshop`.`orders` (`id`)
    ON DELETE NO ACTION
    ON UPDATE NO ACTION)
ENGINE = InnoDB;


-- -----------------------------------------------------
-- Table `webshop`.`shipments`
-- -----------------------------------------------------
CREATE TABLE IF NOT EXISTS `webshop`.`shipments` (
  `id` INT NOT NULL AUTO_INCREMENT,
  `order_id` INT NOT NULL,
  `invoice_id` INT NOT NULL,
  `shipment_tracking_number` INT NULL,
  `shipment_date` DATETIME NULL,
  `shipment_desc` VARCHAR(255) NULL,
  PRIMARY KEY (`id`),
  INDEX `fk_shipments_invoices1_idx` (`invoice_id` ASC) VISIBLE,
  INDEX `fk_shipments_orders1_idx` (`order_id` ASC) VISIBLE,
  CONSTRAINT `fk_shipments_invoices1`
    FOREIGN KEY (`invoice_id`)
    REFERENCES `webshop`.`invoices` (`id`)
    ON DELETE NO ACTION
    ON UPDATE NO ACTION,
  CONSTRAINT `fk_shipments_orders1`
    FOREIGN KEY (`order_id`)
    REFERENCES `webshop`.`orders` (`id`)
    ON DELETE NO ACTION
    ON UPDATE NO ACTION)
ENGINE = InnoDB;


-- -----------------------------------------------------
-- Table `webshop`.`order_items_status_codes`
-- -----------------------------------------------------
CREATE TABLE IF NOT EXISTS `webshop`.`order_items_status_codes` (
  `id` INT NOT NULL AUTO_INCREMENT,
  `order_item_status_desc` VARCHAR(45) NULL,
  PRIMARY KEY (`id`))
ENGINE = InnoDB;


-- -----------------------------------------------------
-- Table `webshop`.`order_items`
-- -----------------------------------------------------
CREATE TABLE IF NOT EXISTS `webshop`.`order_items` (
  `id` INT NOT NULL AUTO_INCREMENT,
  `product_id` INT NOT NULL,
  `order_id` INT NOT NULL,
  `order_item_status_code_id` INT NOT NULL,
  `order_item_quantity` INT NULL,
  `order_item_price` DOUBLE NULL,
  PRIMARY KEY (`id`),
  INDEX `fk_order_items_products1_idx` (`product_id` ASC) VISIBLE,
  INDEX `fk_order_items_orders1_idx` (`order_id` ASC) VISIBLE,
  INDEX `fk_order_items_order_items_status_codes1_idx` (`order_item_status_code_id` ASC) VISIBLE,
  CONSTRAINT `fk_order_items_products1`
    FOREIGN KEY (`product_id`)
    REFERENCES `webshop`.`products` (`id`)
    ON DELETE NO ACTION
    ON UPDATE NO ACTION,
  CONSTRAINT `fk_order_items_orders1`
    FOREIGN KEY (`order_id`)
    REFERENCES `webshop`.`orders` (`id`)
    ON DELETE NO ACTION
    ON UPDATE NO ACTION,
  CONSTRAINT `fk_order_items_order_items_status_codes1`
    FOREIGN KEY (`order_item_status_code_id`)
    REFERENCES `webshop`.`order_items_status_codes` (`id`)
    ON DELETE NO ACTION
    ON UPDATE NO ACTION)
ENGINE = InnoDB;


-- -----------------------------------------------------
-- Table `webshop`.`payments`
-- -----------------------------------------------------
CREATE TABLE IF NOT EXISTS `webshop`.`payments` (
  `id` INT NOT NULL AUTO_INCREMENT,
  `invoice_id` INT NOT NULL,
  `payment_date` DATETIME NULL,
  `payment_amount` DOUBLE NULL,
  PRIMARY KEY (`id`),
  INDEX `fk_payments_invoices1_idx` (`invoice_id` ASC) VISIBLE,
  CONSTRAINT `fk_payments_invoices1`
    FOREIGN KEY (`invoice_id`)
    REFERENCES `webshop`.`invoices` (`id`)
    ON DELETE NO ACTION
    ON UPDATE NO ACTION)
ENGINE = InnoDB;


-- -----------------------------------------------------
-- Table `webshop`.`shopping_cart`
-- -----------------------------------------------------
CREATE TABLE IF NOT EXISTS `webshop`.`shopping_cart` (
  `id` INT NOT NULL AUTO_INCREMENT,
  `customer_id` INT NOT NULL,
  `created_at` DATETIME NULL,
  PRIMARY KEY (`id`),
  INDEX `fk_shopping_cart_customers1_idx` (`customer_id` ASC) VISIBLE,
  CONSTRAINT `fk_shopping_cart_customers1`
    FOREIGN KEY (`customer_id`)
    REFERENCES `webshop`.`users` (`id`)
    ON DELETE NO ACTION
    ON UPDATE NO ACTION)
ENGINE = InnoDB;


-- -----------------------------------------------------
-- Table `webshop`.`cart_items`
-- -----------------------------------------------------
CREATE TABLE IF NOT EXISTS `webshop`.`cart_items` (
  `id` INT NOT NULL AUTO_INCREMENT,
  `product_id` INT NOT NULL,
  `shopping_cart_id` INT NOT NULL,
  `quantity` INT NULL,
  `created_at` DATETIME NULL,
  PRIMARY KEY (`id`),
  INDEX `fk_cart_items_products1_idx` (`product_id` ASC) VISIBLE,
  INDEX `fk_cart_items_shopping_cart1_idx` (`shopping_cart_id` ASC) VISIBLE,
  CONSTRAINT `fk_cart_items_products1`
    FOREIGN KEY (`product_id`)
    REFERENCES `webshop`.`products` (`id`)
    ON DELETE NO ACTION
    ON UPDATE NO ACTION,
  CONSTRAINT `fk_cart_items_shopping_cart1`
    FOREIGN KEY (`shopping_cart_id`)
    REFERENCES `webshop`.`shopping_cart` (`id`)
    ON DELETE NO ACTION
    ON UPDATE NO ACTION)
ENGINE = InnoDB;


-- -----------------------------------------------------
-- Table `webshop`.`messages`
-- -----------------------------------------------------
CREATE TABLE IF NOT EXISTS `webshop`.`messages` (
  `id` INT NOT NULL AUTO_INCREMENT,
  `customer_id` INT NOT NULL,
  `recipient_id` INT NOT NULL,
  `date_sent` DATETIME NULL,
  `message_text` TEXT NULL,
  PRIMARY KEY (`id`),
  INDEX `fk_messages_customers1_idx` (`customer_id` ASC) VISIBLE,
  CONSTRAINT `fk_messages_customers1`
    FOREIGN KEY (`customer_id`)
    REFERENCES `webshop`.`users` (`id`)
    ON DELETE NO ACTION
    ON UPDATE NO ACTION)
ENGINE = InnoDB;


SET SQL_MODE=@OLD_SQL_MODE;
SET FOREIGN_KEY_CHECKS=@OLD_FOREIGN_KEY_CHECKS;
SET UNIQUE_CHECKS=@OLD_UNIQUE_CHECKS;

-- -----------------------------------------------------
-- Data for table `webshop`.`categories`
-- -----------------------------------------------------
START TRANSACTION;
USE `webshop`;
INSERT INTO `webshop`.`categories` (`id`, `category_name`) VALUES (1, 'Electronics');
INSERT INTO `webshop`.`categories` (`id`, `category_name`) VALUES (2, 'Fashion');
INSERT INTO `webshop`.`categories` (`id`, `category_name`) VALUES (3, 'Health & Beauty');
INSERT INTO `webshop`.`categories` (`id`, `category_name`) VALUES (4, 'Motors');
INSERT INTO `webshop`.`categories` (`id`, `category_name`) VALUES (5, 'Sports');
INSERT INTO `webshop`.`categories` (`id`, `category_name`) VALUES (6, 'Home & Garden');

COMMIT;


-- -----------------------------------------------------
-- Data for table `webshop`.`sub_categories`
-- -----------------------------------------------------
START TRANSACTION;
USE `webshop`;
INSERT INTO `webshop`.`sub_categories` (`id`, `category_id`, `sub_category_name`) VALUES (1, 1, 'Cell Phones & Accessories');
INSERT INTO `webshop`.`sub_categories` (`id`, `category_id`, `sub_category_name`) VALUES (2, 1, 'Smart Watches');
INSERT INTO `webshop`.`sub_categories` (`id`, `category_id`, `sub_category_name`) VALUES (3, 1, 'Video Games & Accessories');
INSERT INTO `webshop`.`sub_categories` (`id`, `category_id`, `sub_category_name`) VALUES (4, 1, 'Computers & Tablets');
INSERT INTO `webshop`.`sub_categories` (`id`, `category_id`, `sub_category_name`) VALUES (5, 1, 'Digital Cameras & Photo');
INSERT INTO `webshop`.`sub_categories` (`id`, `category_id`, `sub_category_name`) VALUES (6, 1, 'Headphones');
INSERT INTO `webshop`.`sub_categories` (`id`, `category_id`, `sub_category_name`) VALUES (7, 1, 'Computer Accessories');
INSERT INTO `webshop`.`sub_categories` (`id`, `category_id`, `sub_category_name`) VALUES (8, 2, 'Women\'s Clothing');
INSERT INTO `webshop`.`sub_categories` (`id`, `category_id`, `sub_category_name`) VALUES (9, 2, 'Women\'s Shoes');
INSERT INTO `webshop`.`sub_categories` (`id`, `category_id`, `sub_category_name`) VALUES (10, 2, 'Men\'s Clothing');
INSERT INTO `webshop`.`sub_categories` (`id`, `category_id`, `sub_category_name`) VALUES (11, 2, 'Men\'s Shoes');
INSERT INTO `webshop`.`sub_categories` (`id`, `category_id`, `sub_category_name`) VALUES (12, 2, 'Watches, Parts & Accessories');
INSERT INTO `webshop`.`sub_categories` (`id`, `category_id`, `sub_category_name`) VALUES (13, 2, 'Women\'s Handbags & Bags');
INSERT INTO `webshop`.`sub_categories` (`id`, `category_id`, `sub_category_name`) VALUES (14, 2, 'Men\'s Accessories');
INSERT INTO `webshop`.`sub_categories` (`id`, `category_id`, `sub_category_name`) VALUES (15, 2, 'Kids\' Clothing, Shoes & Accessories');
INSERT INTO `webshop`.`sub_categories` (`id`, `category_id`, `sub_category_name`) VALUES (16, 3, 'Makeup');
INSERT INTO `webshop`.`sub_categories` (`id`, `category_id`, `sub_category_name`) VALUES (17, 3, 'Health Care');
INSERT INTO `webshop`.`sub_categories` (`id`, `category_id`, `sub_category_name`) VALUES (18, 3, 'Nail Care, Manicure & Pedicure');
INSERT INTO `webshop`.`sub_categories` (`id`, `category_id`, `sub_category_name`) VALUES (19, 3, 'Hair Care & Styling');
INSERT INTO `webshop`.`sub_categories` (`id`, `category_id`, `sub_category_name`) VALUES (20, 1, 'TV & Audio');
INSERT INTO `webshop`.`sub_categories` (`id`, `category_id`, `sub_category_name`) VALUES (21, 4, 'Car & Truck Parts');
INSERT INTO `webshop`.`sub_categories` (`id`, `category_id`, `sub_category_name`) VALUES (22, 4, 'Motorcycle Parts');
INSERT INTO `webshop`.`sub_categories` (`id`, `category_id`, `sub_category_name`) VALUES (23, 4, 'ATV Parts');
INSERT INTO `webshop`.`sub_categories` (`id`, `category_id`, `sub_category_name`) VALUES (24, 4, 'Motorcycle Apparel');
INSERT INTO `webshop`.`sub_categories` (`id`, `category_id`, `sub_category_name`) VALUES (25, 5, 'Cycling');
INSERT INTO `webshop`.`sub_categories` (`id`, `category_id`, `sub_category_name`) VALUES (26, 5, 'Boxing & MMA Equipment');
INSERT INTO `webshop`.`sub_categories` (`id`, `category_id`, `sub_category_name`) VALUES (27, 5, 'Outdoor Sports');
INSERT INTO `webshop`.`sub_categories` (`id`, `category_id`, `sub_category_name`) VALUES (28, 5, 'Fishing Equipment & Supplies');
INSERT INTO `webshop`.`sub_categories` (`id`, `category_id`, `sub_category_name`) VALUES (29, 5, 'Fitness & Running Equipment');
INSERT INTO `webshop`.`sub_categories` (`id`, `category_id`, `sub_category_name`) VALUES (30, 5, 'Water Sports');
INSERT INTO `webshop`.`sub_categories` (`id`, `category_id`, `sub_category_name`) VALUES (31, 5, 'Team Sports');
INSERT INTO `webshop`.`sub_categories` (`id`, `category_id`, `sub_category_name`) VALUES (32, 6, 'Tools & Workshop Equipment');
INSERT INTO `webshop`.`sub_categories` (`id`, `category_id`, `sub_category_name`) VALUES (33, 6, 'Yard, Garden & Outdoor Living Items');
INSERT INTO `webshop`.`sub_categories` (`id`, `category_id`, `sub_category_name`) VALUES (34, 6, 'Home Improvement');
INSERT INTO `webshop`.`sub_categories` (`id`, `category_id`, `sub_category_name`) VALUES (35, 6, 'Kitchen, Dining & Bar Supplies');
INSERT INTO `webshop`.`sub_categories` (`id`, `category_id`, `sub_category_name`) VALUES (36, 6, 'Lamps, Lighting & Ceiling Fans');
INSERT INTO `webshop`.`sub_categories` (`id`, `category_id`, `sub_category_name`) VALUES (37, 6, 'Home Decor');
INSERT INTO `webshop`.`sub_categories` (`id`, `category_id`, `sub_category_name`) VALUES (38, 6, 'Pet Supplies');

COMMIT;


-- -----------------------------------------------------
-- Data for table `webshop`.`products`
-- -----------------------------------------------------
START TRANSACTION;
USE `webshop`;
INSERT INTO `webshop`.`products` (`id`, `category_id`, `sub_category_id`, `name`, `price`, `color`, `size`, `desc`, `created_at`, `image`) VALUES (1, 1, 1, 'Apple iPhone 7 Plus - 128GB', 650, 'Matte Black', 15, 'Apple iPhone 7 Plus 128GB, Brand new. Comes with original box and all accessories', '2019-03-01', 'iphone7plus.png');
INSERT INTO `webshop`.`products` (`id`, `category_id`, `sub_category_id`, `name`, `price`, `color`, `size`, `desc`, `created_at`, `image`) VALUES (2, 1, 2, 'Apple Watch Series 4', 320, 'Rose Gold', 5, 'Introducing Apple Watch Series 4. Fundamentally redesigned and re-engineered to help you stay even more active, healthy, and connected.', '2019-03-02', 'applewatch.png');
INSERT INTO `webshop`.`products` (`id`, `category_id`, `sub_category_id`, `name`, `price`, `color`, `size`, `desc`, `created_at`, `image`) VALUES (3, 1, 4, 'Microsoft Surface Pro 6', 800, 'Black', 30, 'Ultra-light and versatile. Get productive your way with new Surface Pro 6 — now faster than ever with the latest 8th Generation Intel® Core™ processor and the full Windows 10 Home experience.', '2018-10-16', 'surfacepro6.png');
INSERT INTO `webshop`.`products` (`id`, `category_id`, `sub_category_id`, `name`, `price`, `color`, `size`, `desc`, `created_at`, `image`) VALUES (4, 1, 4, 'Apple Macbook Pro 15', 2399, 'Space Gray', 35, 'Touch Bar and Touch ID\n2.2GHz 6-Core Processor \n256GB Storage', '2018-11-13', 'macbookpro152018.png');
INSERT INTO `webshop`.`products` (`id`, `category_id`, `sub_category_id`, `name`, `price`, `color`, `size`, `desc`, `created_at`, `image`) VALUES (5, 1, 5, 'Canon EOS 5d Mark III', 445.88, 'Black', 12, 'Canon is proud to present the highly anticipated EOS 5D Mark III. With supercharged EOS performance and stunning full frame, high-resolution image capture, the EOS 5D Mark III is designed to perform. Special optical technologies like the 61-Point High Density Reticular AF and an extended ISO range of 100–25600 expandable to 50 (L), 51200 (H1) and 102400 (H2) make the EOS 5D Mark III ideal for shooting weddings in the studio or out in the field, and great for still photography', '2018-05-04', 'canon5dmark3.png');
INSERT INTO `webshop`.`products` (`id`, `category_id`, `sub_category_id`, `name`, `price`, `color`, `size`, `desc`, `created_at`, `image`) VALUES (6, 1, 6, 'Beats Pro', 399.95, 'Infinite Black', 12, 'From the first note to the final mix, the Beats Pro headphones deliver reliable studio-reference sound. A cushioned headband and heavily padded, rotating ear cups provide a comfortable fit for long hours.', '2018-12-12', 'beatspro.png');
INSERT INTO `webshop`.`products` (`id`, `category_id`, `sub_category_id`, `name`, `price`, `color`, `size`, `desc`, `created_at`, `image`) VALUES (7, 1, 6, 'Beats Studio 3 Wireless', 349.95, 'White & Gold', 12, 'Up to 40-Hour Battery. Noise canceling headphones. Wireless.', '2019-01-14', 'beatsstudio3.png');
INSERT INTO `webshop`.`products` (`id`, `category_id`, `sub_category_id`, `name`, `price`, `color`, `size`, `desc`, `created_at`, `image`) VALUES (8, 2, 10, 'Alpine Swiss Jake Means Pea Coat', 185.00, 'Black', 35, 'Winter coat', '2018-12-25', 'coat.png');
INSERT INTO `webshop`.`products` (`id`, `category_id`, `sub_category_id`, `name`, `price`, `color`, `size`, `desc`, `created_at`, `image`) VALUES (9, 6, 32, 'DEWALT DCS355B 20V XR Oscillating Multi-Tool (Tool Only)', 102.99, 'Black and Yellow', 32, 'DEWALT Brushless Motor', '2018-11-21', 'dewalt.png');
INSERT INTO `webshop`.`products` (`id`, `category_id`, `sub_category_id`, `name`, `price`, `color`, `size`, `desc`, `created_at`, `image`) VALUES (10, 3, 13, 'Maybelline Foundation Better Skin Superstay SPF', 11.75, 'Soft Tan', 10, 'Provides all day coverage and improves skin over time.', '2018-10-13', 'maybellinefoundation.png');

COMMIT;



